is_number,title,sector,category,product,scope,description,keywords,requirements,source,source_url,year,status,revision
"IS 1015:2019","High strength deformed steel bars for concrete reinforcement - specification","Construction","Construction","Reinforcing steel bar (TMT)","Covers high strength deformed steel bars used as reinforcement in concrete structures, including chemical composition, mechanical properties, dimensional tolerances and surface condition.","This specification covers requirements for high strength deformed steel bars used in reinforced concrete, including grade identification, tensile and yield strength testing, elongation requirements, bend and re-bend test criteria, dimensional tolerances, mass per unit length, surface condition and permissible chloride, sulphur and phosphorus content. Applies to bars supplied in straight lengths or coils for use in slabs, beams, columns, footings and other reinforced concrete structural elements.","reinforcement;rebar;tmt;deformed steel;high strength steel;concrete;yield strength;tensile strength;bend test;re-bend test;corrosion;bar;structural steel;grade 500","Minimum yield strength of 500 MPa for Grade 500;Minimum tensile strength of 550 MPa;Minimum elongation of 12 percent;Maximum carbon content of 0.30 percent;Maximum sulphur of 0.06 percent;Maximum phosphorus of 0.05 percent;Maximum chloride of 0.04 percent;Free bend test at 180 degrees to be passed;Re-bend test to be passed;Rib geometry and pitch to be uniform;Mass per unit length within specified tolerance","DEMONSTRATION DATA - placeholder metadata authored by the SIH26108 project team; not a verified BIS record",https://www.bis.gov.in,2019,"Active","Rev. 4"
"IS 456:2000","Plain and reinforced concrete - code of practice","Construction","Construction","Reinforced concrete","Covers materials, workmanship, inspection, sampling and testing of plain and reinforced concrete, together with general design considerations, durability and permissible cement and water contents.","This code of practice specifies the materials, production, placing, compaction, curing and testing requirements for plain and reinforced concrete used in structural work. It covers mix design, cement content, water-cement ratio, aggregate grading and quality, admixtures, workability, tolerance levels, sampling and compressive strength acceptance criteria.","reinforced concrete;concrete;cement;aggregate;water cement ratio;mix design;structural;durability;compressive strength;construction;curing;admixture","Minimum cement content of 300 kg per cubic metre for structural concrete;Maximum water-cement ratio of 0.45 for structural exposure;Minimum grade M20 for structural concrete;Compressive strength to be verified by 28 day cube testing;Aggregate to comply with grading requirements;Maximum chloride content in concrete;Workability to suit placing method","DEMONSTRATION DATA - placeholder metadata authored by the SIH26108 project team; not a verified BIS record",https://www.bis.gov.in,2000,"Active","Rev. 2"
"IS 5512:1984","Portland cement - specification","Construction","Construction","Portland cement","Specifies composition, physical and chemical characteristics of Portland cement including setting time, soundness, compressive strength and heat of hydration.","This specification covers the manufacture, composition, physical and chemical requirements, packaging and marking of Portland cement, including loss on ignition, insoluble residue, lime saturation, soundness, setting time, compressive strength and heat of hydration.","portland cement;cement;concrete;masonry;compressive strength;setting time;soundness;fineness;limesaturation;ordinary portland cement;binding material","Minimum compressive strength of 43 MPa at 28 days;Setting time to be between 30 and 600 minutes;Soundness of cement not to exceed 10 percent;Loss on ignition not to exceed 4 percent;Insoluble residue not to exceed 2.5 percent;Fineness by Blaine method;Free lime content to be controlled;Packaging in multi-layer paper bags with batch marking","DEMONSTRATION DATA - placeholder metadata authored by the SIH26108 project team; not a verified BIS record",https://www.bis.gov.in,1984,"Active","Rev. 3"
"IS 355:2016","Vitreous enamelled tiles - specification","Construction","Construction","Glazed ceramic floor tile","Covers ceramic tiles with vitreous glaze used for flooring and wall lining including dimensional tolerances, water absorption, scratch hardness, chemical resistance and thermal shock resistance.","This specification covers glazed ceramic tiles intended for flooring and wall lining, and sets out requirements and methods of test for dimensional tolerances, thickness, water absorption, crazing, scratch hardness, chemical and stain resistance, thermal shock and abrasion resistance.","floor tile;ceramic tile;glazed tile;vitreous enamel;water absorption;scratch hardness;thermal shock;abrasion;flooring;wall tile","Water absorption not to exceed 0.5 percent by weight;Minimum thickness of 8 mm for floor tiles;Dimensional tolerance on length and width of plus or minus 0.5 mm;Scratch hardness Grade G;Resistance to thermal shock cycle test;Stain resistance of glazed surface;Abrasion resistance to be declared by manufacturer","DEMONSTRATION DATA - placeholder metadata authored by the SIH26108 project team; not a verified BIS record",https://www.bis.gov.in,2016,"Active","Rev. 1"
"IS 691:1992","Unglazed ceramic floor tiles - specification","Construction","Construction","Ceramic floor tile","Covers unglazed and semi-vitreous ceramic tiles for flooring, specifying dimensions, water absorption, dimensional tolerances, strength and abrasion resistance requirements.","This specification covers unglazed ceramic tiles for flooring and sets out requirements and methods of test for dimensions, water absorption, transverse strength, abrasion resistance, crazing and visual appearance of unglazed ceramic flooring products.","floor tile;ceramic tile;unglazed tile;water absorption;abrasion resistance;transverse strength;flooring;tile;vitreous","Water absorption not to exceed 4 percent for vitrified tiles;Transverse strength of at least 35 N per mm;Abrasion resistance to be declared;Thickness of at least 9 mm for floor tiles;Dimensional tolerances to be declared;Surface to be free from cracks, chips and warpage;Tiles to be laid on a properly levelled substrate","DEMONSTRATION DATA - placeholder metadata authored by the SIH26108 project team; not a verified BIS record",https://www.bis.gov.in,1992,"Active","Rev. 2"
"IS 15712:2004","Unplasticised polyvinyl chloride pipes for potable water supplies - specification","Water","Water","uPVC drinking water pipe","Covers unplasticised PVC pipes intended for potable water supply including dimensions, wall thickness, hydraulic pressure, tensile strength and chlorine resistance requirements.","This specification covers solid wall unplasticised polyvinyl chloride pipes for potable water supplies and specifies materials, dimensions, tolerances, physical and mechanical properties, resistance to internal pressure, chlorine resistance, jointing and marking requirements.","pvc pipe;upvc;potable water;drinking water;water supply;pressure pipe;hdpe;piping;sanitation;chlorine resistance;water","Minimum burst pressure of 6.9 MPa at test pressure;Hydrostatic test pressure of 6 MPa for 1 hour;Tensile strength of at least 41 MPa;Minimum impact strength as per standard;Chlorine resistance at 1 ppm chlorine for 300 hours;Maximum lead content of 0.01 percent;Wall thickness as per class of pressure;Bore of pipes to be free from defects","DEMONSTRATION DATA - placeholder metadata authored by the SIH26108 project team; not a verified BIS record",https://www.bis.gov.in,2004,"Active","Rev. 2"
"IS 498:2014","Polyethylene pipes for potable water supplies - specification","Water","Water","HDPE water pipe","Covers high density polyethylene pipes used for potable water supply, specifying dimensions, pressure rating, tensile strength, hydrostatic test and migration requirements.","This specification covers high density polyethylene pipes for potable water supplies, and specifies the material characteristics, dimensions, wall thickness, hydrostatic strength, tensile properties, environmental stress cracking resistance and migration of substances for potable water contact.","hdpe pipe;polyethylene pipe;water supply;potable water;piping;water;high density polyethylene;plumbing;pressure pipe;hydrostatic test","Hydrostatic strength test to be carried out at working pressure;Minimum tensile strength of 20 MPa;Environmental stress cracking resistance of 1000 hours;Maximum outside diameter tolerance as per class;Pipes to comply with pressure class PN 8 or higher;Ovality tolerance;Decolourisation test for uniformity;Marking of manufacturer, size and pressure class","DEMONSTRATION DATA - placeholder metadata authored by the SIH26108 project team; not a verified BIS record",https://www.bis.gov.in,2014,"Active","Rev. 2"
"IS 780:2011","Galvanised iron pipes - specification","Water","Water","Galvanised iron pipe","Covers galvanised wrought iron and mild steel pipes used for water supply, specifying zinc coating, dimensional tolerances and hydrostatic test requirements.","This specification covers galvanised iron pipes, generally used for water supply and other general purposes, and lays down requirements for the grade of steel used, galvanising process, zinc coating weight, thread condition, hydraulic test and marking.","gi pipe;galvanised iron;mild steel pipe;water supply;steel pipe;zinc coating;plumbing;fitting;threaded pipe;piping","Zinc coating of not less than 130 g per square metre;Internal and external surface to be uniformly coated;Hydrostatic test pressure of 1.5 times working pressure;Threads to be protected with approved compound;Bore to be free from scale and pitting;Maximum outside diameter tolerance;Delivery condition of pipes in 6 m lengths;Marking of grade and manufacturer","DEMONSTRATION DATA - placeholder metadata authored by the SIH26108 project team; not a verified BIS record",https://www.bis.gov.in,2011,"Active","Rev. 3"
"IS 903:1999","Plumbing - specification for vitreous glazed fireclay sanitaryware","Water","Water","Sanitary ware (wash basin)","Covers vitreous glazed fireclay sanitary ware such as wash basins, water closets and bidets including dimensions, glazing quality and functional requirements.","This specification covers vitreous glazed fireclay sanitaryware and specifies requirements and methods of test for dimensions, appearance, crazing and cracking, water absorption, thermal shock, loading, flushing and general construction.","sanitary ware;wash basin;vitreous china;fireclay;bathroom fixture;water closet;glazed ceramic;plumbing;bathroom;ceramic","Water absorption not to exceed 10 percent;No crazing on the glazed surface;Resistant to thermal shock;Dimensions to be within specified tolerances;Internal surfaces to be smooth and glazed;Loading test for cistern type fittings;Waste fitting to be of nominal size;Marking of manufacturer and size","DEMONSTRATION DATA - placeholder metadata authored by the SIH26108 project team; not a verified BIS record",https://www.bis.gov.in,1999,"Active","Rev. 2"
"IS 372:1961","Specification for brass and copper pipe and fitting","Water","Water","Brass pipe and fitting","Covers brass and copper pipes and fittings used for water, gas and compressed air, specifying composition, dimensions, surface finish and test requirements.","This specification covers brass and copper pipes and fittings intended for general use including potable water, gas and compressed air applications. It sets out composition requirements, dimensional tolerances, surface quality, test pressure and marking requirements.","brass;copper;pipe;fitting;water supply;gas line;plumbing;taps;faucet;valve;metallic pipe","Lead content of free cutting brass to be controlled;Hydrostatic test at 1.5 times working pressure;Threads and dimensions as per standard;Surface to be free from defects and pitting;Composition to match designated grade;Annealed condition for fittings;Test for leaks under pressure;Marking of grade and manufacturer","DEMONSTRATION DATA - placeholder metadata authored by the SIH26108 project team; not a verified BIS record",https://www.bis.gov.in,1961,"Active","Rev. 1"
"IS 1057:1983","Specification for wrought iron upstands, handrails and ladders","Construction","Construction","MS handrail","Covers wrought iron and mild steel handrails, balustrades, ladders and gratings for industrial, commercial and domestic use, including load and dimensional requirements.","This specification covers mild steel and wrought iron structural components such as handrails, balustrades, staircases, ladders and gratings used in buildings and industrial structures, and includes material, fabrication, weld, finish and load requirements.","handrail;balustrade;grating;ladder;staircase;structural steel;mild steel;galvanised;walkway;construction","Minimum yield strength of 250 MPa for structural members;Galvanising of not less than 65 microns;Weld quality as per standard practice;Dimensions and tolerances as per design;Load carrying capacity to be verified;Free from sharp edges;Marking of grade and batch","DEMONSTRATION DATA - placeholder metadata authored by the SIH26108 project team; not a verified BIS record",https://www.bis.gov.in,1983,"Active","Rev. 1"
"IS 3362:1977","Electric cables for underground or outdoor use - specification","Electrical","Electrical","XLPE power cable","Covers multicore and single core cross linked polyethylene insulated and sheathed cables for underground and outdoor installation, specifying construction, dimensions, insulation resistance and test requirements.","This specification covers single core and multicore cross linked polyethylene insulated and sheathed power cables for use in underground and outdoor locations and sets requirements for conductor size, insulation, sheath, armouring, voltage grade, dimensional tolerances and electrical and mechanical tests.","cable;power cable;xlpe cable;electric cable;underground cable;insulation;conductor;armoured cable;electricity;multicore cable;voltage","Conductor of stranded annealed copper;Insulation resistance test at 500 V DC;Conductor resistance at 20 degree C;Voltage test at 3 kV for 5 minutes;Water penetration test on sample;Maximum partial discharge;Armour of galvanised steel wire;Dimensions to be within specified tolerances;Marking of length and voltage grade","DEMONSTRATION DATA - placeholder metadata authored by the SIH26108 project team; not a verified BIS record",https://www.bis.gov.in,1977,"Active","Rev. 2"
"IS 694:2010","Polyvinyl chloride insulated and sheathed wires and cables - specification","Electrical","Electrical","PVC insulated copper wire","Covers single core and multicore PVC insulated and sheathed wires and cables for general use in conduits and for power and lighting circuits up to 650 volts.","This specification covers PVC insulated and sheathed copper wires and cables used in electrical installations for power, lighting and control circuits, and specifies conductor construction, insulation thickness, sheath, resistance values, insulation resistance and flame propagation requirements.","pvc wire;copper wire;electric wire;insulated wire;cable;electrical;power cable;conduit wiring;house wiring;insulation;conductor;multicore","Conductor resistance at 20 degree C as per class;Insulation resistance at 500 V DC;Conductor of bright annealed copper wire;Insulation thickness as per voltage grade;Flame propagation in vertical mount test;Type 1 and Type 2 construction;Temperature rating of 70 degree C;Marking of size, grade and length","DEMONSTRATION DATA - placeholder metadata authored by the SIH26108 project team; not a verified BIS record",https://www.bis.gov.in,2010,"Active","Rev. 3"
"IS 1031:1982","Specification of industrial luminaires","Electrical","Electrical","LED luminaire","Covers general purpose lighting luminaires for industrial premises, specifying photometric, electrical and performance requirements including energy efficiency.","This specification covers industrial luminaires for general lighting and includes requirements for luminous flux, power consumption, colour rendering index, power factor, harmonic distortion, thermal performance and durability of the fitting.","led luminaire;light fixture;led light;industrial lighting;illumination;energy efficient led;lamp;electrical;photometry;luminaire","Luminous flux efficacy of at least 100 lumens per watt;Correlated colour temperature between 3000 K and 6500 K;Colour rendering index of at least 70;Power factor of at least 0.9;Total harmonic distortion below 10 percent;Luminaire to be rated for 220 V, 50 Hz;Ingress protection as per declared class;Warranty of minimum 2 years on driver","DEMONSTRATION DATA - placeholder metadata authored by the SIH26108 project team; not a verified BIS record",https://www.bis.gov.in,1982,"Active","Rev. 1"
"IS 12640:2010","Miniature circuit breakers - specification","Electrical","Electrical","MCB / circuit breaker","Covers miniature circuit breakers for household and similar applications including ratings, breaking capacity, trip characteristics and endurance tests.","This specification covers miniature circuit breakers used for protection of household and similar installations against overloads and short circuits, and includes rating, breaking capacity, number of operations, temperature rise, mechanical strength and terminal arrangement requirements.","mcb;circuit breaker;miniature circuit breaker;switchgear;electrical protection;trip unit;distribution board;residential wiring;overcurrent","Rated breaking capacity of 6 kA or 9 kA;Tripping characteristic per B or C curve;1000 electrical operations at rated current;50 mechanical operations;Dielectric strength at 1500 V AC for one minute;Terminals to accept specified conductor sizes;Temperature rise limit of 40 K;Marking of rated current, curve and manufacturer","DEMONSTRATION DATA - placeholder metadata authored by the SIH26108 project team; not a verified BIS record",https://www.bis.gov.in,2010,"Active","Rev. 1"
"IS 12834:2010","Energy efficient electric motors - specification","Electrical","Electrical","Three phase induction motor","Covers energy efficient three phase squirrel cage induction motors for industrial use, including efficiency grades, performance and testing requirements.","This specification covers energy efficient three phase induction motors up to a defined output range used in industrial applications, and specifies efficiency grades, power factor, starting performance, insulation class, enclosure, noise and test methods.","induction motor;electric motor;energy efficient motor;three phase motor;industrial motor;motors;electrical equipment;prime mover;efficiency","Efficiency conforming to IS 12647 defined grades;Minimum power factor of 0.85;Insulation class B;Continuous rated duty S1;Enclosure protection as declared;Noise level limit as per standard;Star rating labelling;Vibration limits;Marking of kW, HP, efficiency class and IS number","DEMONSTRATION DATA - placeholder metadata authored by the SIH26108 project team; not a verified BIS record",https://www.bis.gov.in,2010,"Active","Rev. 1"
"IS 3006:1990","Specification for electrical switchgear and controlgear","Electrical","Electrical","Distribution switchgear","Covers low voltage switchgear and controlgear assemblies used for distribution of electrical power, specifying construction, performance and test requirements.","This specification covers low voltage switchgear and controlgear assemblies and specifies requirements for enclosures, busbars, insulation, creepage distances, short circuit withstand, temperature rise and routine verification tests.","switchgear;controlgear;panel;distribution board;electrical panel;busbar;low voltage;switchboard;circuit protection;electrical enclosure","Rated short circuit withstand of 25 kA for 1 second;Temperature rise limit of 55 K;Clearance and creepage distances as per insulation level;Busbar to be of electrolytic copper;Enclosure sheet thickness of 1.6 mm;Routine dielectric strength test at 1000 V AC;Ingress protection of IP 54 for indoor;Marking of rated current and system","DEMONSTRATION DATA - placeholder metadata authored by the SIH26108 project team; not a verified BIS record",https://www.bis.gov.in,1990,"Active","Rev. 2"
"IS 511:1990","Specification for wrought iron and mild steel rivets","Mechanical","Mechanical","Steel rivet","Covers dimensions and tolerances of wrought iron and mild steel rivets with hot and semi cold driven heads used for structural and general engineering work.","This specification covers wrought iron and mild steel rivets used in structural steel work and general engineering, covering nominal diameters, tolerances on shank and head, material properties and marking.","rivet;fastener;steel rivet;structural connection;bolted joint;mechanical;iron rivet;engineering","Nominal diameter tolerance as per grade;Shear strength of rivet material;Head dimensions as per standard pattern;Material to be mild steel or wrought iron;No sharp edges on shank;Uniformity of manufacture;Marking of size and manufacturer;Length within specified tolerance","DEMONSTRATION DATA - placeholder metadata authored by the SIH26108 project team; not a verified BIS record",https://www.bis.gov.in,1990,"Active","Rev. 1"
"IS 40:1978","Specification for hexagonal bolts, nuts and washers","Mechanical","Mechanical","Hexagonal bolt and nut","Covers hexagonal bolts, hexagonal nuts and plain washers used in engineering and construction including dimensions, mechanical properties and tolerances.","This specification covers hexagonal bolts, nuts and washers of carbon steel used for general engineering and construction purposes and sets out dimensional requirements, mechanical properties, tolerances and marking.","hex bolt;nut;washer;fastener;bolt;mechanical fastener;engineering steel;threaded fastener;structural fastener;hardware","Grade 4.6 minimum tensile strength of 400 MPa;Property class marking on head;Width across flats as per nominal size;Thread to match specified pitch;Dimensional tolerances as per standard;Plain washer thickness as per size;Corrosion protection by electroplating;Marking of manufacturer and grade","DEMONSTRATION DATA - placeholder metadata authored by the SIH26108 project team; not a verified BIS record",https://www.bis.gov.in,1978,"Active","Rev. 2"
"IS 3075:1994","Rolling bearings - specification","Mechanical","Mechanical","Ball bearing","Covers boundary dimensions, accuracy, life and internal design of rolling bearings, and specifies requirements for dynamic load rating, fatigue life, materials and inspection.","This specification covers boundary dimensions, accuracy classes, internal clearances, dynamic and static load ratings, fatigue life, materials and inspection requirements for rolling bearings used in industrial machinery.","ball bearing;roller bearing;bearing;rolling bearing;bearing life;mechanical;industrial bearing;lube;skid;steel;chrome steel","Dynamic load rating based on basic rating life of 1 million revolutions;Materials of high carbon chromium steel;Bore and outside diameter tolerance classes;Radial clearance per class;Static load rating to be specified;Hardness of rolling elements;Lubrication and sealing arrangements;Marking of size, class and manufacturer","DEMONSTRATION DATA - placeholder metadata authored by the SIH26108 project team; not a verified BIS record",https://www.bis.gov.in,1994,"Active","Rev. 2"
"IS 11380:1978","V-belts - specification","Mechanical","Mechanical","Industrial V-belt","Covers dimensions, tolerances and quality requirements for V-belts of trapezoidal cross section used for power transmission in industrial drives.","This specification covers V-belts of trapezoidal cross section used in power transmission applications and sets requirements for section dimensions, pitch lengths, tensile strength, pulley groove tolerances and quality.","v belt;belt drive;rubber belt;power transmission;industrial belt;pulley;mechanical;drive;conveyor;polyester","Pitch length within specified tolerance;Tensile strength of cord layer;Section height and groove angle as per standard;Rib number count for higher horsepower;Pulleys to conform to groove dimensions;Oil and heat resistance;Static friction and flex fatigue testing;Marking of pitch length, section and date","DEMONSTRATION DATA - placeholder metadata authored by the SIH26108 project team; not a verified BIS record",https://www.bis.gov.in,1978,"Active","Rev. 1"
"IS 8419:2010","Centrifugal pumps for water - specification","Water","Mechanical","Centrifugal water pump","Covers horizontal split casing centrifugal pumps for pumping clean or lightly contaminated water, including performance, construction, materials and testing requirements.","This specification covers horizontal split casing centrifugal pumps for handling clean cold water and specifies materials, construction, performance parameters such as capacity, head, power absorbed and efficiency, and the tests to be carried out.","centrifugal pump;water pump;pump;irrigation pump;industrial pump;prime mover;water supply;mechanical seal;suction;discharge","Performance to be guaranteed at rated duty point;Efficiency within specified tolerance;Hydrostatic test pressure of 1.5 times working pressure;Balance test to be conducted;Noise level limits;Material of casing as cast iron or SS;Shaft to be of stainless steel;Marking of size, rating and manufacturer","DEMONSTRATION DATA - placeholder metadata authored by the SIH26108 project team; not a verified BIS record",https://www.bis.gov.in,2010,"Active","Rev. 1"
"IS 6595:1992","Steel tubes for water services - specification","Water","Water","Steel water pipe","Covers steel tubes used for water services including welded and seamless tubes, specifying coating, dimensions, strength and test requirements.","This specification covers mild steel and carbon steel tubes used for water services including potable and non potable applications and covers coating, lining, dimensions, tolerances, tensile strength, hydrostatic test and marking.","steel pipe;water pipe;steel tube;water services;pipe;potable water;welded pipe;seamless pipe;water supply;structural tube","Minimum yield strength of 240 MPa;Hydrostatic test to demonstrate pressure rating;Internal coating with epoxy or bitumen;Corrosion protection coating on external surface;Dimensions and tolerances as per nominal size;Flattening test on welded tubes;Eddy current or hydrostatic testing;Marking of grade, size and standard","DEMONSTRATION DATA - placeholder metadata authored by the SIH26108 project team; not a verified BIS record",https://www.bis.gov.in,1992,"Active","Rev. 2"
"IS 12288:1987","Valves - specification for malleable iron and cast iron gate valves","Water","Mechanical","Gate valve","Covers gate valves of cast iron and malleable iron for water and steam service, specifying pressure classes, materials, dimensions and test requirements.","This specification covers gate valves of cast iron and malleable iron suitable for water and steam services and sets requirements for pressure rating, materials, design, dimensions, face to face dimension, hydrostatic test, seat leakage test and marking.","gate valve;valve;water valve;cast iron valve;malleable iron;pipe fitting;flow control;hydraulic;isolation valve;water service","Hydrostatic shell test at 1.5 times rating pressure;Seat leakage test as per class;Face to face dimensions as per standard;Body material of cast iron grade;Spindle of non corrosive material;Maximum temperature rating of 200 degree C;Operating torque to be specified;Marking of size, pressure class and manufacturer","DEMONSTRATION DATA - placeholder metadata authored by the SIH26108 project team; not a verified BIS record",https://www.bis.gov.in,1987,"Active","Rev. 1"
"IS 4149:1991","V-belt drives - selection and application","Mechanical","Mechanical","Belt drive system","Provides guidance on selection of V-belts and pulleys for power transmission, including factors affecting service factor, speed, centre distance and belt life.","This standard provides guidance on the selection, installation and maintenance of V-belt drives and covers service factors, belt pull, wrap angle, centre distance, tensioning, alignment and safety devices.","v belt;belt drive;pulley;power transmission;drive design;mechanical;industrial drive;service factor;alignment","Service factor to account for load shock;Minimum pulley diameter per section;Number of belts to be calculated from power rating;Centre distance between 0.5 and 2.5 times pulley diameter;Correct alignment of pulleys;Regular tension checks;Safety guard for belts;Avoid oil contamination of belt","DEMONSTRATION DATA - placeholder metadata authored by the SIH26108 project team; not a verified BIS record",https://www.bis.gov.in,1991,"Active","Rev. 1"
"IS 5142:2003","Fire extinguishers - specification","Safety","Safety","Fire extinguisher","Covers portable fire extinguishers of carbon dioxide, dry powder, halon and water types, specifying capacity, construction, performance and testing requirements.","This specification covers portable fire extinguishers and fire extinguishing powders and includes requirements for body, valve, hose, discharge effectiveness, pressure, gauge, working range, testing and labelling of extinguishers for various classes of fire.","fire extinguisher;fire safety;extinguisher;fire protection;co2 extinguisher;dry powder;safety;emergency equipment;fire suppression;protection","Working range of not less than 3 m for portable unit;Discharge test to verify effectiveness;Hydrostatic test pressure of 1.5 times working pressure;Burst disc or safety device;Pressure gauge with green zone marking;Body to be of carbon dioxide steel or brass;Reflective sign board;Validity of hydrostatic test every 5 years;Marking of agent, capacity and service class","DEMONSTRATION DATA - placeholder metadata authored by the SIH26108 project team; not a verified BIS record",https://www.bis.gov.in,2003,"Active","Rev. 1"
"IS 1389:2001","Personal protective equipment - safety helmets","Safety","Safety","Safety helmet","Covers industrial safety helmets used for protection of the wearer against impact from falling objects and against penetration by sharp projections, specifying materials, construction, tests and marking.","This specification covers industrial safety helmets for protection of the wearer against mechanical impact and penetration, and specifies shell construction, material requirements, shock absorption, resistance to penetration, flame resistance, field of vision, retention system and test methods.","safety helmet;hard hat;head protection;personal protective equipment;ppe;industrial safety;impact protection;penetration resistance;worker safety;construction safety","Resistance to impact by steel ball dropped from height;Resistance to penetration by pointed rod;Flame resistance test;Field of vision of at least 120 degrees;Retention system of chin strap;Mass of helmet below 450 grams;Headband of HDPE or similar;Electrical insulation up to 1000 V;Marking of IS number, size and manufacturer","DEMONSTRATION DATA - placeholder metadata authored by the SIH26108 project team; not a verified BIS record",https://www.bis.gov.in,2001,"Active","Rev. 2"
"IS 1522:1960","Personal protective equipment - safety shoes","Safety","Safety","Safety footwear","Covers industrial safety footwear with steel toe protection, specifying construction, materials, tests for impact, compression, puncture and slip resistance.","This specification covers industrial safety shoes used for protection of the feet and legs of workers against impact, compression, penetration by nails, and slipping, and sets requirements for upper, sole, toe cap, penetration resistant insole and testing.","safety shoes;safety footwear;steel toe cap;industrial footwear;personal protective equipment;worker safety;anti slip sole;foot protection;leather shoe","Impact test on toe cap;Compression test to be passed;Penetration resistance of sole at 110 N;Anti slip resistance of sole compound;Minimum energy absorption of sole;Upper of leather or synthetic material;Heel and sole separation strength;Marking of size, manufacturer and IS number","DEMONSTRATION DATA - placeholder metadata authored by the SIH26108 project team; not a verified BIS record",https://www.bis.gov.in,1960,"Active","Rev. 1"
"IS 4803:1984","Personal protective equipment - eye protection","Safety","Safety","Safety goggle","Covers eye protection devices including safety spectacles, goggles and face shields, specifying optical, mechanical and material requirements.","This specification covers safety spectacles, goggles, welding goggles and face shields for protection of eyes against flying particles, chemical splash, radiant heat and optical radiation, and specifies filter lens, frame, and test requirements.","safety goggle;eye protection;goggles;safety spectacles;welding goggles;face shield;personal protective equipment;industrial safety;vision protection;eye protection","Impact resistance of lens to a 22 mm ball;Optical power within tolerance;Filter shade numbers as per usage;Field of vision not less than 110 degrees;Frame material free from sharp edges;Resistance to fogging;Marking of shade number and manufacturer;Suitable side shields for goggles","DEMONSTRATION DATA - placeholder metadata authored by the SIH26108 project team; not a verified BIS record",https://www.bis.gov.in,1984,"Active","Rev. 1"
"IS 14505:1998","Personal protective equipment - fall arrest systems","Safety","Safety","Safety harness / fall protection","Covers full body harness, lanyards and anchor systems for protection against falls from height, specifying materials, static strength and dynamic testing requirements.","This specification covers full body harnesses, lanyards, anchorages and other components of fall protection systems for working at height, and specifies requirements for webbing, hardware, static strength testing, dynamic performance and marking.","safety harness;fall protection;fall arrest;work at height;lanyard;personal protective equipment;industrial safety;confined space;height safety;anchor","Static load test on harness to 6 kN for 3 minutes;Dynamic fall test with 100 kg test mass;Webbing tensile strength requirement;Hardware to have a minimum breaking load;Corrosion resistance of hardware;Lanyard maximum length;Self retracting lifeline as per standard;Marking of standard, size and inspection date","DEMONSTRATION DATA - placeholder metadata authored by the SIH26108 project team; not a verified BIS record",https://www.bis.gov.in,1998,"Active","Rev. 1"
"IS 4151:2014","Personal protective equipment - ear protection","Safety","Safety","Ear defender","Covers ear protectors used to reduce exposure to hazardous noise levels, specifying attenuation, construction, materials and testing.","This specification covers ear protectors including ear muffs and ear plugs used for hearing protection in industrial environments, and includes requirements for sound attenuation, comfort, materials, dimensions and test methods.","ear protection;ear defender;ear muff;ear plug;hearing protection;personal protective equipment;noise protection;industrial safety;worker health;acoustic","Attenuation of at least 20 dB at high frequency;Acoustic leakage test;Headband pressure limit for comfort;Ear cup material to resist oil and chemicals;Snake and face seal;Single number rating or octave band attenuation;Marking of attenuation and manufacturer;Cleaning and maintenance instructions","DEMONSTRATION DATA - placeholder metadata authored by the SIH26108 project team; not a verified BIS record",https://www.bis.gov.in,2014,"Active","Rev. 1"
"IS 2525:1981","Fire resistant plywood - specification","Construction","Safety","Fire resistant plywood","Covers fire resistant plywood, plywood jointing and panel boards for use in building construction, testing fire resistance to IS 1708 flame spread.","This specification covers fire resistant plywood used in building construction for interior applications and specifies construction, bonding, veneer quality, flame spread rating, screw holding strength and dimensions.","fire resistant plywood;plywood;flame retardant;fire safety;wood panel;interior panel;construction material;board;fire rating;wood product","Flame spread rating per IS 1708 test;Minimum veneer thickness and bond quality;Moisture content below 12 percent;Screw holding strength requirement;Free from defects and warp;Panel sizes as per standard;Marking of grade, size and manufacturer;Surface sealed;No knots in structural layers","DEMONSTRATION DATA - placeholder metadata authored by the SIH26108 project team; not a verified BIS record",https://www.bis.gov.in,1981,"Active","Rev. 1"
"IS 3025:2015","Mild steel tubes, pipes and fittings","Mechanical","Mechanical","MS pipe (structural)","Covers mild steel tubes, pipes and fittings of rectangular and circular sections used for structural, mechanical and general engineering purposes.","This specification covers mild steel tubes, pipes, hollow sections and fittings used in structural and general engineering work and specifies material grade, dimensions, tolerances, surface condition, weld quality and mechanical tests.","ms pipe;steel tube;structural pipe;hollow section;steel fitting;mechanical;general engineering;structural steel;galvanised pipe;framework","Yield strength of at least 240 MPa;Elongation of at least 20 percent;Weld quality as per standard;Flattening and flaring tests;Dimensions within tolerance;Surface free from defects;Galvanised coating where required;Marking of grade, size and standard","DEMONSTRATION DATA - placeholder metadata authored by the SIH26108 project team; not a verified BIS record",https://www.bis.gov.in,2015,"Active","Rev. 2"
"IS 8326:2014","Steel tubes for irrigation - specification","Agriculture","Water","Irrigation steel pipe","Covers steel tubes used for irrigation, water distribution and similar applications, specifying coating, grade, dimensions and test requirements.","This specification covers steel tubes used for irrigation water distribution and similar purposes and specifies steel grade, dimensions, wall thickness, internal and external coating, mechanical properties and test procedures.","irrigation;steel pipe;agriculture;water pipe;pipe;water distribution;minion;gi pipe;farm irrigation;coated pipe","Minimum yield strength of 240 MPa;External coating of bitumen or epoxy;Internal coating with cement mortar or epoxy;Hydrostatic test on sample;Galvanising where specified;Dimensional tolerances as per nominal bore;Minimum life expectancy of coating;Marking of grade, size and manufacturer","DEMONSTRATION DATA - placeholder metadata authored by the SIH26108 project team; not a verified BIS record",https://www.bis.gov.in,2014,"Active","Rev. 1"
"IS 13662:2002","Drip irrigation system - specification and components","Agriculture","Agriculture","Drip irrigation lateral","Covers drip irrigation systems, laterals, laterals emitters, filters and control equipment used for water saving irrigation in agriculture.","This specification covers drip irrigation equipment including lateral pipes, emitters, filters, valves and control devices, and specifies hydraulic characteristics, emission uniformity, filtration requirements, materials and test methods.","drip irrigation;irrigation;emitter;lateral;agriculture;water saving;micro irrigation;farming;pipe;pressure system;farm","Uniformity of discharge not less than 90 percent;Emitter discharge rate within tolerance;Bursting pressure of at least 2 times working pressure;Clogging resistance;Filtration micron level as required;UV resistant material;Emitter spacing flexibility;Marking of emitter type and flow rate","DEMONSTRATION DATA - placeholder metadata authored by the SIH26108 project team; not a verified BIS record",https://www.bis.gov.in,2002,"Active","Rev. 1"
"IS 6330:1992","Guided wave type ground level radar for liquid level measurement","Mechanical","Mechanical","Radar level transmitter","Covers ground level radar and radar level measurement devices for liquids including accuracy, range and installation requirements.","This specification covers radar and guided wave radar level measurement instruments for liquids in tanks and vessels and specifies measurement range, accuracy, output signals, environmental protection and test procedures.","radar level transmitter;level measurement;instrumentation;process control;tank level;liquid level sensor;industrial automation;radar;gauge","Measurement range up to 30 m;Accuracy of at least 0.5 percent of range;4-20 mA output with HART protocol;Ingress protection IP 67;Operating temperature range of -40 to 80 degree C;Calibration on site without tools;Diagnostic and level threshold alarms;Marking of range, protocol and manufacturer","DEMONSTRATION DATA - placeholder metadata authored by the SIH26108 project team; not a verified BIS record",https://www.bis.gov.in,1992,"Active","Rev. 1"
"IS 6356:1973","Textiles - tarpaulins, tents and shelters - specification","Textiles","Textiles","Tarpaulin","Covers tarpaulins, tents and allied shelters made from coated or woven fabric including waterproofing, tensile strength and seam requirements.","This specification covers tarpaulins, tentage and allied shelters made from waterproofed or coated fabrics including cotton duck, manila and synthetic fabrics and specifies dimensions, mass, tensile and tear strength, waterproofing and seam performance.","tarpaulin;tarpaulin sheet;canvas;tent;waterproof fabric;shelter;textile;outdoor;fire retardant fabric;cotton duck","Waterproofness without leakage;Minimum tensile strength of fabric;Tear strength requirement;Mass per square metre as declared;Seam strength to match fabric;Reinforced corners and eyelets;Flame retardant treatment for tents;UV resistance;Marking of size, material and manufacturer","DEMONSTRATION DATA - placeholder metadata authored by the SIH26108 project team; not a verified BIS record",https://www.bis.gov.in,1973,"Active","Rev. 1"
"IS 2543:1991","Textiles - cotton canvas, duck and sheet - specification","Textiles","Textiles","Cotton canvas","Covers cotton canvas, duck and sheet woven fabrics for industrial and domestic use, specifying construction, thread count, tensile strength and shrinkage requirements.","This specification covers cotton canvas, cotton duck and cotton sheet fabrics used for industrial, tarpaulin, belting and domestic applications and specifies warp and weft counts, mass, tensile and tear strength, abrasion and dimensional stability.","cotton canvas;duck;cotton fabric;textile;woven fabric;canvas sheet;industrial fabric;tarpaulin;home furnishing;fabric","Warp and weft threads per centimetre as declared;Mass per square metre within tolerance;Minimum tensile strength warp and weft;Tear strength requirement;Shrinkage after washing below 4 percent;Colour fastness to washing;Marking of fabric code, composition and batch;Free from defects and stains","DEMONSTRATION DATA - placeholder metadata authored by the SIH26108 project team; not a verified BIS record",https://www.bis.gov.in,1991,"Active","Rev. 1"
"IS 1411:2019","Textiles - fire retardant fabrics - specification","Textiles","Safety","Fire retardant fabric","Covers fire retardant treatment of cotton, polyester and blended fabrics for protective clothing, curtains and upholstery, specifying flame resistance tests.","This specification covers fire retardant finished fabrics of cotton, polyester and cotton polyester blends used for protective apparel, curtains and upholstered furniture and specifies limits of flame resistance, heat release and smoke emission with test methods.","fire retardant fabric;flame retardant;textile;protective clothing;curtain fabric;upholstery;fire safety;industrial textile;flame resistance;blended fabric","Flame resistance to vertical and 45 degree burning test;Char length limit after removal of flame;After flame duration not to exceed 2 seconds;Heat release index limits;Smoke density limits;Wash durability of flame retardant finish for 20 washes;No toxic emissions on burning;Marking of treatment and test report","DEMONSTRATION DATA - placeholder metadata authored by the SIH26108 project team; not a verified BIS record",https://www.bis.gov.in,2019,"Active","Rev. 1"
"IS 1633:1992","Mosquito netting - specification","Textiles","Healthcare","Mosquito net","Covers mosquito nets of synthetic and cotton fabrics including dimensions, mesh size, strength and treatment requirements.","This specification covers mosquito nets used for personal protection against mosquito bites in cotton, polyester and blended fabrics and specifies mesh size, dimensions, tensile strength, colour, treatment and marking.","mosquito net;net;cotton net;polyester net;textile;bed net;healthcare;insect net;household textile;mesh","Mesh size of not less than 20 holes per square cm;Tensile strength of fabric warp and weft;Dimensions as declared;Colour fastness to washing;Treatment with insecticide to be declared;Hem and selvedge strength;Free from defects;Marking of size, material and batch;Durable stitching throughout","DEMONSTRATION DATA - placeholder metadata authored by the SIH26108 project team; not a verified BIS record",https://www.bis.gov.in,1992,"Active","Rev. 1"
"IS 6911:1997","Stainless steel tableware - specification","Food","Food","Stainless steel tableware","Covers stainless steel tableware such as plates, bowls, glasses and cutlery for domestic and commercial use, specifying material grade, surface finish and corrosion resistance.","This specification covers stainless steel household and commercial tableware and specifies the steel grade, dimensions, surface finish, corrosion resistance, food contact safety and marking requirements.","stainless steel;tableware;steel plate;utensil;kitchenware;food grade;cutlery;crockery;hospitality;steel utensil","Material grade of austenitic stainless steel 202 or 304;Corrosion resistance test as per standard;Food contact safety requirement;No rusting or surface pitting;Surface finish of mirror or satin;Thickness of sheet as declared;Mass within tolerance;Marking of grade, manufacturer and IS number","DEMONSTRATION DATA - placeholder metadata authored by the SIH26108 project team; not a verified BIS record",https://www.bis.gov.in,1997,"Active","Rev. 1"
"IS 14543:2011","Packaged drinking water - specification","Food","Food","Packaged drinking water","Covers packaged drinking water processed and packaged in containers up to 20 litres, specifying quality, testing and packaging requirements.","This specification covers packaged drinking water processed in an approved plant and packaged in containers of capacity not exceeding 20 litres and specifies requirements for source water, treatment, microbiological and chemical quality, packaging and labelling.","drinking water;packaged water;water bottle;potable water;food safety;water quality;purified water;hygiene;mineral water","Total coliform count not detectable in 100 ml;Residual chlorine between 0.1 and 0.5 mg per litre;Heavy metals within permissible limits;Packaging material food grade;Batch identification and manufacture date;Source water quality to be monitored;Plant hygiene and cleaning schedule;No pesticide residue above limits;Marking of net volume, batch and manufacturer","DEMONSTRATION DATA - placeholder metadata authored by the SIH26108 project team; not a verified BIS record",https://www.bis.gov.in,2011,"Active","Rev. 1"
"IS 1578:2005","Spices - turmeric powder - specification","Food","Food","Turmeric powder","Covers turmeric powder including pure turmeric and blends, specifying quality parameters, curcumin content, moisture and contaminants.","This specification covers turmeric powder offered for human consumption and specifies requirements for curcumin content, moisture, total ash, acid insoluble ash, foreign matter, and freedom from adulterants and contaminants.","turmeric;spice;powder;food;curcumin;food grade;agriculture produce;kitchen;herbal;haldi;food processing","Minimum curcumin content of 3 percent for pure turmeric;Moisture content not above 10 percent;Total ash not above 9 percent;Acid insoluble ash not above 0.5 percent;Absence of starch adulteration;No sulphur or colour additives;Clean and hygienic processing;Packaging in food grade material;Marking of net weight, batch and best before date","DEMONSTRATION DATA - placeholder metadata authored by the SIH26108 project team; not a verified BIS record",https://www.bis.gov.in,2005,"Active","Rev. 1"
"IS 4462:2017","Medical surgical examination gloves - specification","Healthcare","Healthcare","Surgical examination glove","Covers disposable medical rubber examination gloves made of natural rubber latex, specifying dimensions, tensile properties, powder content and biological and chemical test requirements.","This specification covers medical rubber examination gloves made from natural rubber latex for single use, and specifies dimensions, physical properties, chemical tests, powder content, sterility and packaging requirements.","surgical glove;medical glove;latex glove;examination glove;healthcare;ppe;medical supplies;disposable;patient care;hospital","Tensile strength of at least 14 MPa elongation at break;Protein content below limit;Powder content as declared;Uniform thickness of 0.1 mm;Waterproof leak test at 2 litres;Chemical tests for accelerators;Sterility for sterile gloves;Marking of size, batch and expiry;Suitability for single use","DEMONSTRATION DATA - placeholder metadata authored by the SIH26108 project team; not a verified BIS record",https://www.bis.gov.in,2017,"Active","Rev. 1"
"IS 3346:1993","Hospital beds - specification","Healthcare","Healthcare","Hospital bed","Covers hospital beds used in healthcare institutions, specifying construction, materials, load capacity, dimensions and functional accessories.","This specification covers hospital beds, including intensive care, recovery and general ward beds used in healthcare institutions, and stipulates construction, material, dimensional, load, mattress, accessory and finish requirements.","hospital bed;medical equipment;healthcare;bed;patient bed;icu bed;ward;medical furniture;stretcher;clinical equipment","Safe working load of at least 150 kg static;Height adjustment range of 400 to 800 mm;Stainless steel or epoxy coated steel frame;Lockable castors of 125 mm;Removable head and foot boards;Mattress platform of pressed steel;Emergency CPR release function;Epoxy powder coating with 60 micron thickness;Marking of manufacturer and model","DEMONSTRATION DATA - placeholder metadata authored by the SIH26108 project team; not a verified BIS record",https://www.bis.gov.in,1993,"Active","Rev. 1"
"IS 9473:2000","Particulate filtering respirators","Safety","Safety","N95 respirator","Covers filtering facepiece respirators used for protection against particulates, specifying filtration efficiency, breathing resistance, fit and marking.","This specification covers filtering half masks and filtering facepieces used to protect the wearer against airborne particles and specifies filtration efficiency classes, breathing resistance, total inward leakage, fit testing and marking requirements.","n95;respirator;filtering facepiece;particulate filter;healthcare;ppe;mask;respiratory protection;hospital;dust mask","Filtration efficiency of at least 95 percent for 0.3 micron particles;Inhalation resistance of at most 150 mm water column;Exhalation resistance limit;Facepiece leakage;Total inward leakage as per class;Head strap tensile strength;Nose clip material;Marking of class, efficiency and marking;Fitting instructions to be provided","DEMONSTRATION DATA - placeholder metadata authored by the SIH26108 project team; not a verified BIS record",https://www.bis.gov.in,2000,"Active","Rev. 1"
"IS 1409:2015","Corrosion resistant steel bars - specification","Construction","Construction","Stainless steel reinforcement bar","Covers corrosion resistant steel bars including stainless steel and epoxy coated bars used as reinforcement in concrete, specifying material, coating and bond strength.","This specification covers corrosion resistant reinforcing bars including stainless steel bars and epoxy coated bars used in concrete and specifies steel grade, coating thickness, coating quality, bond strength and bend tests.","stainless steel rebar;corrosion resistant steel;epoxy coated rebar;reinforcement;concrete;construction;bar;coated steel;structural;marine structure","Tensile strength of at least 500 MPa;Epoxy coating thickness of 600 to 800 microns;Coating to be free from holidays and pinholes;Bond strength of coating;Bend test after coating;Chloride resistance of stainless steel grade;Coating repair at damaged areas;Marking of grade and batch","DEMONSTRATION DATA - placeholder metadata authored by the SIH26108 project team; not a verified BIS record",https://www.bis.gov.in,2015,"Active","Rev. 1"
"IS 12540:2013","Soda ash - specification","Food","Chemical","Chemicals for water treatment","Covers soda ash used in water treatment and other industrial applications, specifying purity, bulk density and loss on ignition.","This specification covers soda ash used in water softening and industrial applications and specifies chemical purity, bulk density, loss on ignition, iron content, insoluble matter and packaging requirements.","chemical;soda ash;water treatment;industrial chemical;softening;powder;bulk density;chemical grade;plant;treatment","Minimum purity of 98.5 percent Na2CO3;Bulk density of 0.9 to 1.1 g per ml;Loss on ignition not above 2 percent;Iron content within limits;Insoluble matter below 0.1 percent;Moisture below 1 percent;Packaging in airtight bags;Batch marking and traceable records;Shelf life of 12 months","DEMONSTRATION DATA - placeholder metadata authored by the SIH26108 project team; not a verified BIS record",https://www.bis.gov.in,2013,"Active","Rev. 1"
